id	status	impl_pointer	test_pointer	note
A72	done-tested	src/subagents/admission.ts:69; src/subagents/tools.ts:85; src/worker-runtime.ts (markStopping, registerLifecycle stopPendingEvent)	test/subagents-admission.test.ts ("a still-stopping spawner is refused after the depth check"); test/subagents-resume-guards.test.ts ("an agent told its stop is pending can neither launch nor resume agents")	Checked after depth as in To; native message "This agent has been stopped and its stop is still completing; it cannot launch new agents."; the child learns it is stopping from a stop-pending event on its own event bus.
C05	done-tested	src/worker-runtime.ts (markStopping); src/subagents/stop-pending.ts; src/subagents/tools.ts:85	test/subagents-resume-guards.test.ts ("a stop marks the agent stop-pending on its own event bus at once"; "an agent told its stop is pending can neither launch nor resume agents")	TaskStop and parent shutdown emit pstack:subagent-stop-pending on the child bus before aborting; the child runtime snapshot reports stopPending true.
C07	done-tested	src/worker-control.ts (stopEscalator kill timer); src/subagents/process-groups.ts; src/subagents/tracked-bash.ts; src/shell-runtime.ts (processGroupEvent); src/worker-runtime.ts (childChannel)	test/subagents-stop-deadline.test.ts ("a wedged stop is unblocked at 10s by SIGKILLing the child bash process group"); test/subagents-stop.test.ts; test/subagents-process-groups.test.ts	Child bash runs through tracked BashOperations (customTools override) and BackgroundShell publishes its pid; groups bubble up the child bus per agent. At 10s: re-abort, SIGKILL groups, dispose; log uses the native killEscalation text.
C08	done-tested	src/worker-runtime.ts (stop: settleWithin overdueAfterMs); src/subagents/stop-deadline.ts; src/workers.ts (TaskStop outputSchema)	test/subagents-stop-deadline.test.ts ("a stop still unsettled at 30s returns a stop-pending handle that TaskStop can re-fire")	TaskStop returns isError false with status stop_pending and a message naming TaskStop re-fire and session restart. The stop_pending status is returned, not persisted; the record stays running until the loop settles. Message wording is ours, built from the native log line.
C09	done-tested	src/worker-control.ts:14-41; per-run ProcessGroups in src/worker-runtime.ts (childChannel)	test/subagents-stop.test.ts ("a stale escalation from a settled run never touches the replacement run")	Each run owns its control and its process groups; no global loop token is needed.
C10	done-tested	src/worker-control.ts:78-84	test/subagents-stop.test.ts ("a turn that starts after a stop is aborted again")	-
C15	done-tested	src/subagents/continuation.ts (checkRestart); src/subagents/resume-command.ts	test/subagents-resume-guards.test.ts ("a model SendMessage does not restart an agent the user stopped"; "the user resume command restarts a user-stopped agent"); scripts/agent-resume-stop-journey.mjs	Same contract as B81. user-stopped means status interrupted with abort.userInitiated. The user-initiated path is the /resume-agent command.
C17	done-tested	src/shell-runtime.ts (stopGraceMs 1500)	test/shell-termination.test.ts ("a shell that ignores SIGTERM is SIGKILLed after the 1.5s grace")	-
C18	done-tested	src/shell-descendants.ts; src/shell-runtime.ts (stop)	test/shell-termination.test.ts ("a descendant that left the process group is killed by the descendant backstop")	Descendants are found by a ppid walk taken before signalling, then SIGKILLed after the group. A descendant already reparented to init before the stop (its shell exited first) is not reachable this way and still only gets the bounded wait.
C21	done-tested	src/shell-ownership.ts; src/shells.ts (registerOwnership); src/shell-runtime.ts (adopt, markEndsWithFinalResponse); src/subagents/session-context.ts (pstack-agent-foreground)	test/shell-ownership.test.ts; test/subagents-shell-survival.test.ts	The flag rides on the BackgroundShell result (pi's background-command tool), not on bash. Async-worker shells are handed to the nearest ancestor session, which lists, wakes on and stops them.
C26	done-tested	src/worker-runtime.ts:142-164 (close); src/worker-runtime.ts (settleResources)	test/subagents-cleanup-stages.test.ts ("a failing child shutdown stage still finalizes the worktree and reports the failure")	-
C30	done-tested	src/shells.ts (registerOwnership session_shutdown gate)	test/subagents-shell-survival.test.ts ("a stopped async worker does not keep its background shell alive"; "an async worker hands its background shell to the parent")	Keepalive applies only to a completed, unstopped async child. A stopped or shut-down worker ends its shells.
C31	done-tested	src/worker-runtime.ts (close: session.dispose)	test/subagents-cleanup-stages.test.ts ("every child session is disposed once its run settles")	Pi keeps todos, read state, skills and messages inside AgentSession, so dispose releases them. The test asserts one dispose per child run.
C32	done-tested	src/worker-runtime.ts (settleResources catch)	test/subagents-worktree-finalize-failure.test.ts	-
C36	done-tested	src/worker-runtime.ts (shutdownWorker); src/subagents/stop-deadline.ts	test/subagents-stop-deadline.test.ts ("session shutdown gives up on a wedged worker after 30s instead of blocking forever")	stopAll gives up on a worker after 30s, SIGKILLs its groups and reports it as a cleanup failure.
B75	done-tested	src/subagents/agent-continue.ts; src/subagents/continuation.ts (coordinatorMessage)	test/subagents-resume-guards.test.ts ("SendMessage to a running agent steers it with the coordinator wrapper without a restart"); test/subagents-continuation.test.ts	Uses session.steer with the native wrapper text from probe-followup-delayed.
B78	done-tested	src/subagents/continuation.ts (checkContinuation); src/worker-runtime.ts (continuationState)	test/subagents-resume-guards.test.ts ("two concurrent resumes of one agent start only one continuation")	Busy is AgentResumeInProgressError with the native message.
B79	done-tested	src/worker-runtime.ts (stopping set, message); src/subagents/continuation.ts	test/subagents-resume-guards.test.ts ("a message sent while a stop drains is refused instead of reported as queued")	Covers SendMessage and TaskMessage.
B80	done-tested	src/subagents/continuation.ts (resumerStopping); src/worker-runtime.ts (selfStopPending)	test/subagents-resume-guards.test.ts ("an agent told its stop is pending can neither launch nor resume agents")	A stopped (inactive) spawner was already refused by priorTask's lifecycle check.
B81	done-tested	src/subagents/continuation.ts (checkRestart, stoppedByUser); src/subagents/resume-command.ts	test/subagents-resume-guards.test.ts; test/subagents-continuation.test.ts; scripts/agent-resume-stop-journey.mjs	Behaviour change: test/subagents-abort-reasons.test.ts and test/subagents-stop-integration.test.ts used a model SendMessage to restart a TaskStopped agent; they now use /resume-agent, because the spec refuses a model restart of a user-stopped agent. The observer-activity exclusion has no pi counterpart.
B83	done-tested	src/worker-support.ts (existsSync before SessionManager.open); src/subagents/continuation.ts	test/subagents-resume-guards.test.ts ("resuming an agent whose transcript is gone is a state error, not a fresh session"); test/subagents-continuation.test.ts	No live in-memory mirror is kept after a child session is disposed, so the mirror recovery path does not exist; a missing transcript is always a state error.
B84	done-tested	src/subagents/resume-errors.ts; src/subagents/resume-worktree.ts	test/subagents-continuation.test.ts; test/subagents-resume-worktree.test.ts ("a $name worktree refusal is classified $code")	ResumeError carries code busy, still_stopping, transient, permanent, user_stopped or state, and the native error class name.
B86	done-tested	src/subagents/agent-continue.ts (resumedLaunch)	test/subagents-resume-guards.test.ts ("resuming an agent whose definition was removed refuses with a definition error")	Uses the native "Agent type 'X' is not offered in this session." state error. The bundle may fall back to a built-in definition for a vanished custom one (unverified local symbols); we refuse instead.
B90	done-tested	src/subagents/tools.ts (reserveResume); src/subagents/agent-continue.ts	test/subagents-resume-guards.test.ts ("a resume needs a free concurrency slot like a launch")	Refuses with the concurrency message rather than queueing.
B93	done-tested	src/subagents/interrupted-turn.ts; src/subagents/agent-continue.ts (continueInterrupted); src/worker-runtime.ts (settleCompleted)	test/subagents-resume-guards.test.ts ("continuing an interrupted turn that already finished settles it without rerunning")	Triggered by /resume-agent with no message. The refusal text for an interrupted turn that is not complete is ours.
C62	done-tested	src/subagents/tools.ts (onSettled keepalive gate); src/subagents/resume-launch.ts (finalizeRecordedWorktree); src/worker-records.ts (worktreeBaseCommit)	test/subagents-shell-survival.test.ts ("an isolated async worker that keeps a shell alive keeps its worktree"); test/subagents-cleanup-stages.test.ts ("a resumed isolated agent finalizes its retained worktree again")	Keepalive is the background-shell handoff. Resume-pending preservation needs no gate: a resume cannot start while the run that would finalize is live.
C64	done-tested	src/subagents/resume-worktree.ts; src/worker-support.ts (inheritedWorktreePath); src/subagents/session-context.ts (pstack-agent-worktree)	test/subagents-resume-worktree.test.ts; test/subagents-cleanup-stages.test.ts ("a nested agent inside an isolated agent records the inherited worktree binding")	The shared-checkout and escaped-directory refusal messages are ours. The inherited-missing message is the native fence text.
