ts	phase	decision	why	evidence	result
2026-10-08T03:10:44Z	reference	Updated Cursor CLI using its official updater	The contract requires the current supported release rather than the installed older version	parity/source-lock.json	Updated to 2026.10.01-e373342; parity unverified
2026-10-08T03:11:09Z	reference	Captured the real Cursor workspace trust prompt and selected trust for the dedicated fixture	Preserve the approval interaction instead of bypassing it with force flags	parity/evidence/cursor-first-run/00-initial-screen.txt	Reference-only capture; not paired parity evidence
2026-10-08T03:14:40Z	reference	Kept successful Cursor setup acceptance open after included_usage rejection	A service failure proves only that failure path and cannot replace working reference behavior	parity/evidence/cursor-first-run/04-setup-running.txt	Owner prerequisite open; independent work continues
2026-10-08T03:21:23Z	baseline	Installed the packed baseline and observed a different unlimited budget label through the real Pi terminal	Test the consumer interaction instead of treating existing tests as parity	parity/evidence/candidate-baseline/02-setup-selected.txt	Source divergence found; paired acceptance remains open
2026-10-08T03:23:40Z	acceptance	Created an isolated worktree for independent acceptance-definition ownership	The implementation owner must not control the oracle that judges implementation	parity/contract.md	Definition freeze remains open
2026-10-08T03:33:31Z	review	Rejected the rubber-duck claim that the contract file was injected	Fresh extraction from the initiating user message is byte-identical; the embedded skill prefix was supplied by the user	parity/contract.md	cmp succeeded; original user entry 76a6a245 preserved
2026-10-08T03:38:21Z	discovery	Reconciled delegated source reading to raw read-call receipts and inspected the ten remaining resources	A reading summary alone is not enough evidence for source coverage	parity/reviews/source-read-calls.jsonl	193 tracked source items inspected; recursive closure and dispositions remain open
2026-10-08T04:30:01Z	infrastructure	Selected direct manifest validation with append-only attempt custody grafts	Small diagnostic interface now; authenticated full acceptance remains required	parity/designs/preflight-synthesis.md	Read-only preflight implemented; no acceptance path
2026-10-08T04:30:01Z	verification	Verified preflight with full supporting test set and actual CLI command	Concrete malformed-input and forged-status cases must produce diagnostics without modifying artifacts	parity/evidence/preflight-coverage.txt	70 supporting tests pass; parity requirements remain unverified
2026-10-08T04:30:01Z	custody	Rejected structural checksum validation as authorized definition freezing	An isolated rehashed copy with invented review metadata and nonexistent runs passed the draft checker	parity/reviews/acceptance-custody-triage.md	Original definitions unchanged; fresh independent owner-fix task launched
2026-10-08T06:30:33Z	start	session pickup of pi-pstack-parity-again as accountable owner	user relaunched full parity contract from orphaned worktree; prior ledger is authoritative	parity/progress.md + source-lock.json ccb5507/0.15.15 + pi v1.1.0	open: resume highest-priority unsatisfied research and recorder work
2026-10-08T06:31:33Z	pickup	resumed parity-again ledger; spawned host-import + recorder A/B + accept-symlink	orphaned worktree had no parity program; prior ledger owns the contract	/Users/josh-desktop/src/personal/pi-pstack-parity-again/parity/evidence/continuation-pickup-20261008T063132Z/environment.txt + orch units.tsv	workers in-flight; cursor-usage gated; 0 requirements verified
2026-10-08T08:10:50Z	pickup	Verified inherited state on the real artifact instead of trusting summaries	Wrong-runner false failures and a stale orchestrate store both found by direct inspection	parity/decisions.tsv rows 2026-10-08T08:0*	suite 102 pass under vitest; store repaired
2026-10-08T08:10:50Z	reference	Ran the committed capture driver for the full Cursor setup journey with equal rule fixture and backup/restore	The Q2 panel, submit, write effect and offer wording were never observed; the oracle needs the complete reference run	parity/scripts/capture-setup-journeys.mjs + evidence/setup-prepair/cursor/	run in flight
2026-10-08T08:23:51Z	reference	Captured the complete Cursor /setup-pstack reference journey: agent turn, one 2-question panel, validate, rule write with chat diff, in-chat confirmation	Q2 content, submit effect and offer handling were never observed before	evidence/setup-prepair/cursor/ + scripts/capture-setup-journeys.mjs	oracle complete; real rule restored byte-exact
2026-10-08T08:23:51Z	reference	Captured the Pi candidate baseline on the equal seeded fixture: three native dialogs, no agent turn, exposed internal briefing text	Equal fixtures make the observed divergence product divergence	evidence/setup-prepair/pi/	pre-repair baseline complete
2026-10-08T08:23:51Z	reference	Probe found panel count varies with model batching (Question 1 of 1 vs 1 of 2) while chrome is stable	Comparison must treat panel chrome as exact and prompts as model-authored	evidence/cursor-panel-probe/attempt/	recorded as reference variation
2026-10-08T08:57:52Z	implementation	Rewrote the 5 tmux question journeys from old ctx.ui.select dialog semantics to the reference panel semantics (Space toggles, Enter submits, Esc submits answered and skips rest)	The uncommitted pickup tree wired the pure reducer panel into the TUI; the design record setup-parity-panel.md and captures probe-1..4 define the panel as the oracle	parity/designs/setup-parity-panel.md panel-semantics section; parity/evidence/cursor-panel-probe/probe-1..4	verify-question-tui.mjs rerun: Five real terminal question journeys passed (single, text, cancel, multiple, partial-escape)
2026-10-08T08:57:52Z	bug-fix	Added literal-space handling to the panel text entry (reducePanel textOpen branch maps the space input to an appended space)	toPanelInput maps a literal space to the space input, which the text-open branch dropped, so typed answers with spaces lost their spaces; the reference accepts spaces in text answers	test/questions-panel.test.ts space test; /tmp/pstack-question-tui/text-answer.json	New unit test passes; the text journey types 'terminal answer' and records ['terminal answer']
2026-10-08T08:57:52Z	incident	git checkout -- test/integration.test.ts on the dirty tree discarded uncommitted pickup-tree edits; recovered the two old setup tests as the delivered-skill test and the agent-driven AskQuestion flow test, and restored count expectations (skills 71 to 72, templates 69 to 70)	The checkout was meant only to undo a bad sed; it took the pickup edits with it	git diff HEAD for integration.test.ts; full vitest suite run	integration.test.ts passes in the full suite (2212 tests) and the delivered-skill journey expectations match the skill-driven flow
2026-10-08T10:20:30Z	setup-flow-slice	AskQuestion panel renders the optional request title, default 'Clarifying Questions'	2026-10-08 01:56 reference run showed 'pstack model configuration' as the panel header; title is model-authored	parity/research/cursor-host/cli/retrieved/acp.md CursorAskQuestionRequest.title; test/questions-panel.test.ts	title threaded through questions.ts to PanelState and renderPanel; unit tests pass
2026-10-08T10:20:30Z	setup-flow-slice	Panel rows aligned one column under the top border; content width 114 at 120 columns	probe-1 cat -A shows rows indented ' │ ... │'; paired chrome comparison exposed candidate rows at column 0	parity/evidence/cursor-panel-probe/probe-1-question-1.txt; test/questions-panel.test.ts byte assertions	renderPanel row structure fixed to captured geometry; suite 2214 green
2026-10-08T10:20:30Z	setup-flow-slice	Bounded per-side retries with canonical-shape check; all attempts retained as variance evidence	model-authored batching variance makes single runs non-comparable	parity/scripts/retry-setup-side.mjs; parity/evidence/setup-prepair attempt dirs	canonical pair setup-first-run-canonical-1 with byte-identical written rules
2026-10-08T10:20:30Z	setup-flow-slice	Comparator extracts the panel by hint-row anchor with cross-event byte carry and hintSeen state	first-box anchoring grabbed the briefing roles table; needles split across output events	parity/scripts/compare-setup-panel.mjs	both sides extract the real panel; structural chrome comparison runs
2026-10-08T10:20:30Z	setup-flow-slice	Trailing-newline variance in the written rule recorded as reference variance	bf4f4959 wrote with trailing newline (9146cd9f), 341e9b3f without (54d75d32); candidate keeps the deterministic with-newline form	attempt dirs bf4f4959, 341e9b3f	documented; no candidate change
2026-10-08T10:20:30Z	setup-flow-slice	One reference run wrote 'budget: unlimited' missing '(max)'; treated as model-authored reference error	the skill format requires the (max) suffix; candidate writes the format-correct line	cursor attempt transcript; written-rule.mdc	no candidate change; format-correct write preserved
2026-10-08T10:20:30Z	setup-flow-slice	Fixture contamination observed and logged, fixture not tuned to force outcomes	models read extensions/pi-pstack/scripts/verify-*.mjs beyond the fixture cwd parity/fixtures/first-run	attempt transcripts in parity/evidence/setup-prepair	recorded as open observation for the acceptance protocol
2026-10-08T10:51:28Z	setup-cancel-journey	Capture the Escape-cancellation journey with a dedicated driver reusing the recorder stack	the setup scenario's remaining action is Escape cancellation; the negative path is an acceptance case, not an exemption	parity/scripts/capture-setup-cancel.mjs; parity/scripts/journey-helpers.mjs; parity/evidence/setup-cancel/	both sides: panel rendered, Escape cleared it, rule byte-unchanged (fixture digest 2b6b4668), no forbidden write
2026-10-08T10:51:29Z	setup-cancel-journey	Record the transcript rendering divergence as SETUP-ASKQUESTION-TRANSCRIPT-RENDERING	the reference collapses the skipped panel card ('Questions skipped by user'); the candidate echoes raw request/result JSON and dumps the state tool result inline	parity/evidence/setup-cancel/cancel-parity.json; pair-report-cancel-1.json	new open mismatch with fail-paired verdict; repair via pi tool-result rendering hooks, then recapture
2026-10-08T10:51:29Z	setup-cancel-journey	Bound comparator report samples inside compare.mjs (100 per difference kind with a truncation manifest)	the canonical-2 report embedded 243k raw byte differences (120MB); evidence files must stay inspectable	parity/comparator/compare.mjs boundedSamples; pair-report-canonical-2.json 54KB	reports bounded by construction; full lists recompute from the pair record
